<<<<<<< HEAD
Se ingresó a /contactSe ingresó a /nosotrosSe ingresó a /contact,Se ingresó a /nosotros,Se ingresó a /users/crud,Se ingresó a /users/crud,Se ingresó a /users/usersCRUD/add,Se ingresó a /users/crud,Se ingresó a /users/crud,Se ingresó a /users/crud,Se ingresó a /users/usersCRUD/add,Se ingresó a /users_admin/crud,Se ingresó a /users/usersCRUD/add,Se ingresó a /users_admin/crud,Se ingresó a /users_admin/crud,Se ingresó a /users/usersCRUD/add,Se ingresó a /users_admin/crud,Se ingresó a /users_admin/crud,Se ingresó a /users/crud,Se ingresó a /products/crud,Se ingresó a /products/productsCRUD/add,Se ingresó a /products/crud,Se ingresó a /categories/crud,Se ingresó a /products/crud,Se ingresó a /products/productsCRUD/add,Se ingresó a /products/productsCRUD/add,Se ingresó a /products/productsCRUD/add,Se ingresó a /products/productsCRUD/add,Se ingresó a /products/productsCRUD/add,Se ingresó a /products/crud,Se ingresó a /products/productsCRUD/add,Se ingresó a /products/productsCRUD/add,Se ingresó a /products/productsCRUD/add,Se ingresó a /products/productsCRUD/add,Se ingresó a /products/crud,Se ingresó a /products/productsCRUD/add,Se ingresó a /products/productsCRUD/add,Se ingresó a /users/crud,Se ingresó a /users/usersCRUD/add,Se ingresó a /users/crud,Se ingresó a /users/crud,Se ingresó a /users/usersCRUD/add,Se ingresó a /users/crud,Se ingresó a /users/crud,Se ingresó a /users/detail/14,Se ingresó a /users/crud,Se ingresó a /users/crud,Se ingresó a /users/crud,Se ingresó a /users/crud,Se ingresó a /users/crud,Se ingresó a /users/edit/16,Se ingresó a /img/users/,Se ingresó a /users/edit/16?_method=put,Se ingresó a /users/crud,Se ingresó a /users/edit/16,Se ingresó a /users/delete/11,Se ingresó a /users/crud,Se ingresó a /users/delete/10,Se ingresó a /users/crud,Se ingresó a /users/delete/9,Se ingresó a /users/crud,Se ingresó a /products/crud,Se ingresó a /products/productsCRUD/add,Se ingresó a /products/crud,Se ingresó a /products/crud,Se ingresó a /,Se ingresó a /categories/crud,Se ingresó a /categories/detail/1,Se ingresó a /categories/detail/1,Se ingresó a /categories/detail/1,Se ingresó a /categories/detail/1,Se ingresó a /categories/detail/1,Se ingresó a /categories/detail/1,Se ingresó a /categories/detail/1,Se ingresó a /categories/crud,Se ingresó a /categories/detail/1,Se ingresó a /categories/detail/1,Se ingresó a /categories/detail/1,Se ingresó a /users/crud,Se ingresó a /categories/crud,Se ingresó a /categories/detail/1,Se ingresó a /categories/crud,Se ingresó a /categories/detail/2,Se ingresó a /img/web/,Se ingresó a /categories/crud,Se ingresó a /categories/detail/2,Se ingresó a /categories/crud,Se ingresó a /products/categoriasCRUD/add,Se ingresó a /users/crud,Se ingresó a /users/usersCRUD/add,Se ingresó a /products/crud,Se ingresó a /products/productsCRUD/add,Se ingresó a /categories/crud,Se ingresó a /products/categoriasCRUD/add,Se ingresó a /categories/detail/1,Se ingresó a /products/categoriasCRUD/add,Se ingresó a /products/categoriasCRUD/add,Se ingresó a /categories/crud,Se ingresó a /categories/categoriasCRUD/add,Se ingresó a /categories/categoriasCRUD/add,Se ingresó a /categories/categoriasCRUD/add,Se ingresó a /categories/crud,Se ingresó a /categories/categoriasCRUD/add,Se ingresó a /categories/categoriasCRUD/add,Se ingresó a /categories/categoriasCRUD/add,Se ingresó a /users/crud,Se ingresó a /users/crud,Se ingresó a /users/usersCRUD/add,Se ingresó a /products/crud,Se ingresó a /products/productsCRUD/add,Se ingresó a /categories/crud,Se ingresó a /categories/categoriasCRUD/add,Se ingresó a /categories/crud,Se ingresó a /categories/categoriasCRUD/add,Se ingresó a /categories/crud,Se ingresó a /categories/crud,Se ingresó a /categories/detail/4,Se ingresó a /categories/crud,Se ingresó a /products/edit/4,Se ingresó a /,Se ingresó a /categories/crud,Se ingresó a /categories/detail/3,Se ingresó a /,Se ingresó a /favicon.ico,Se ingresó a /users/crud,Se ingresó a /users/usersCRUD/add,Se ingresó a /users/crud,Se ingresó a /users/crud,Se ingresó a /users/detail/18,Se ingresó a /users/crud,Se ingresó a /users/edit/18,Se ingresó a /users/edit/18?_method=put,Se ingresó a /users/crud,Se ingresó a /users/detail/18,Se ingresó a /users/crud,Se ingresó a /products/crud,Se ingresó a /products/productsCRUD/add,Se ingresó a /products/crud,Se ingresó a /products/crud,Se ingresó a /products/detail/3,Se ingresó a /categories/crud,Se ingresó a /categories/detail/3,Se ingresó a /categories/crud,Se ingresó a /categories/detail/1,Se ingresó a /categories/crud,Se ingresó a /categories/detail/2,Se ingresó a /categories/crud,Se ingresó a /categories/detail/3,Se ingresó a /categories/crud,Se ingresó a /,Se ingresó a /category/iSkates,Se ingresó a /productDetail,Se ingresó a /productDetail,Se ingresó a /contact,Se ingresó a /nosotros,Se ingresó a /users/crud,Se ingresó a /users/crud,Se ingresó a /products/crud,Se ingresó a /categories/crud,Se ingresó a /,Se ingresó a /users/crud,Se ingresó a /,Se ingresó a /users/crud,Se ingresó a /users/crud,Se ingresó a /users/detail/19,Se ingresó a /img/users/,Se ingresó a /users/crud,Se ingresó a /users/delete/19,Se ingresó a /users/crud,Se ingresó a /users/delete/18,Se ingresó a /users/crud,Se ingresó a /cart,Se ingresó a /cart?,Se ingresó a /,Se ingresó a /cart,Se ingresó a /cart?,Se ingresó a /,Se ingresó a /category/iSkates,Se ingresó a /productDetail,Se ingresó a /productDetail,Se ingresó a /category/iSkates,Se ingresó a /productDetail,Se ingresó a /,Se ingresó a /,Se ingresó a /favicon.ico,Se ingresó a /users/crud,Se ingresó a /users/usersCRUD/add,Se ingresó a /categories/crud,Se ingresó a /categories/categoriasCRUD/add,Se ingresó a /users/crud,Se ingresó a /,Se ingresó a /category/iSkates,Se ingresó a /productDetail,Se ingresó a /productDetail,Se ingresó a /category/iSkates,Se ingresó a /productDetail,Se ingresó a /category/accesories,Se ingresó a /productDetail,Se ingresó a /nosotros,Se ingresó a /users/crud,Se ingresó a /users/usersCRUD/add,Se ingresó a /users/usersCRUD/add,Se ingresó a /,Se ingresó a /users/crud,Se ingresó a /products/crud
=======
<<<<<<< HEAD
Se ingresó a /contactSe ingresó a /nosotrosSe ingresó a /contact,Se ingresó a /nosotros,Se ingresó a /users/crud,Se ingresó a /users/crud,Se ingresó a /users/usersCRUD/add,Se ingresó a /users/crud,Se ingresó a /users/crud,Se ingresó a /users/crud,Se ingresó a /users/usersCRUD/add,Se ingresó a /users_admin/crud,Se ingresó a /users/usersCRUD/add,Se ingresó a /users_admin/crud,Se ingresó a /users_admin/crud,Se ingresó a /users/usersCRUD/add,Se ingresó a /users_admin/crud,Se ingresó a /users_admin/crud,Se ingresó a /users/crud,Se ingresó a /products/crud,Se ingresó a /products/productsCRUD/add,Se ingresó a /products/crud,Se ingresó a /categories/crud,Se ingresó a /products/crud,Se ingresó a /products/productsCRUD/add,Se ingresó a /products/productsCRUD/add,Se ingresó a /products/productsCRUD/add,Se ingresó a /products/productsCRUD/add,Se ingresó a /products/productsCRUD/add,Se ingresó a /products/crud,Se ingresó a /products/productsCRUD/add,Se ingresó a /products/productsCRUD/add,Se ingresó a /products/productsCRUD/add,Se ingresó a /products/productsCRUD/add,Se ingresó a /products/crud,Se ingresó a /products/productsCRUD/add,Se ingresó a /products/productsCRUD/add,Se ingresó a /users/crud,Se ingresó a /users/usersCRUD/add,Se ingresó a /users/crud,Se ingresó a /users/crud,Se ingresó a /users/usersCRUD/add,Se ingresó a /users/crud,Se ingresó a /users/crud,Se ingresó a /users/detail/14,Se ingresó a /users/crud,Se ingresó a /users/crud,Se ingresó a /users/crud,Se ingresó a /users/crud,Se ingresó a /users/crud,Se ingresó a /users/edit/16,Se ingresó a /img/users/,Se ingresó a /users/edit/16?_method=put,Se ingresó a /users/crud,Se ingresó a /users/edit/16,Se ingresó a /users/delete/11,Se ingresó a /users/crud,Se ingresó a /users/delete/10,Se ingresó a /users/crud,Se ingresó a /users/delete/9,Se ingresó a /users/crud,Se ingresó a /products/crud,Se ingresó a /products/productsCRUD/add,Se ingresó a /products/crud,Se ingresó a /products/crud,Se ingresó a /,Se ingresó a /categories/crud,Se ingresó a /categories/detail/1,Se ingresó a /categories/detail/1,Se ingresó a /categories/detail/1,Se ingresó a /categories/detail/1,Se ingresó a /categories/detail/1,Se ingresó a /categories/detail/1,Se ingresó a /categories/detail/1,Se ingresó a /categories/crud,Se ingresó a /categories/detail/1,Se ingresó a /categories/detail/1,Se ingresó a /categories/detail/1,Se ingresó a /users/crud,Se ingresó a /categories/crud,Se ingresó a /categories/detail/1,Se ingresó a /categories/crud,Se ingresó a /categories/detail/2,Se ingresó a /img/web/,Se ingresó a /categories/crud,Se ingresó a /categories/detail/2,Se ingresó a /categories/crud,Se ingresó a /products/categoriasCRUD/add,Se ingresó a /users/crud,Se ingresó a /users/usersCRUD/add,Se ingresó a /products/crud,Se ingresó a /products/productsCRUD/add,Se ingresó a /categories/crud,Se ingresó a /products/categoriasCRUD/add,Se ingresó a /categories/detail/1,Se ingresó a /products/categoriasCRUD/add,Se ingresó a /products/categoriasCRUD/add,Se ingresó a /categories/crud,Se ingresó a /categories/categoriasCRUD/add,Se ingresó a /categories/categoriasCRUD/add,Se ingresó a /categories/categoriasCRUD/add,Se ingresó a /categories/crud,Se ingresó a /categories/categoriasCRUD/add,Se ingresó a /categories/categoriasCRUD/add,Se ingresó a /categories/categoriasCRUD/add,Se ingresó a /users/crud,Se ingresó a /users/crud,Se ingresó a /users/usersCRUD/add,Se ingresó a /products/crud,Se ingresó a /products/productsCRUD/add,Se ingresó a /categories/crud,Se ingresó a /categories/categoriasCRUD/add,Se ingresó a /categories/crud,Se ingresó a /categories/categoriasCRUD/add,Se ingresó a /categories/crud,Se ingresó a /categories/crud,Se ingresó a /categories/detail/4,Se ingresó a /categories/crud,Se ingresó a /products/edit/4,Se ingresó a /,Se ingresó a /categories/crud,Se ingresó a /categories/detail/3,Se ingresó a /,Se ingresó a /products/crud
=======
Se ingresó a /contactSe ingresó a /nosotrosSe ingresó a /contact,Se ingresó a /nosotros,Se ingresó a /users/crud,Se ingresó a /users/crud,Se ingresó a /users/usersCRUD/add,Se ingresó a /users/crud,Se ingresó a /users/crud,Se ingresó a /users/crud,Se ingresó a /users/usersCRUD/add,Se ingresó a /users_admin/crud,Se ingresó a /users/usersCRUD/add,Se ingresó a /users_admin/crud,Se ingresó a /users_admin/crud,Se ingresó a /users/usersCRUD/add,Se ingresó a /users_admin/crud,Se ingresó a /users_admin/crud,Se ingresó a /users/crud,Se ingresó a /products/crud,Se ingresó a /products/productsCRUD/add,Se ingresó a /products/crud,Se ingresó a /categories/crud,Se ingresó a /products/crud,Se ingresó a /products/productsCRUD/add,Se ingresó a /products/productsCRUD/add,Se ingresó a /products/productsCRUD/add,Se ingresó a /products/productsCRUD/add,Se ingresó a /products/productsCRUD/add,Se ingresó a /products/crud,Se ingresó a /products/productsCRUD/add,Se ingresó a /products/productsCRUD/add,Se ingresó a /products/productsCRUD/add,Se ingresó a /products/productsCRUD/add,Se ingresó a /products/crud,Se ingresó a /products/productsCRUD/add,Se ingresó a /products/productsCRUD/add,Se ingresó a /users/crud,Se ingresó a /users/usersCRUD/add,Se ingresó a /users/crud,Se ingresó a /users/crud,Se ingresó a /users/usersCRUD/add,Se ingresó a /users/crud,Se ingresó a /users/crud,Se ingresó a /users/detail/14,Se ingresó a /users/crud,Se ingresó a /users/crud,Se ingresó a /users/crud,Se ingresó a /users/crud,Se ingresó a /users/crud,Se ingresó a /users/edit/16,Se ingresó a /img/users/,Se ingresó a /users/edit/16?_method=put,Se ingresó a /users/crud,Se ingresó a /users/edit/16,Se ingresó a /users/delete/11,Se ingresó a /users/crud,Se ingresó a /users/delete/10,Se ingresó a /users/crud,Se ingresó a /users/delete/9,Se ingresó a /users/crud,Se ingresó a /products/crud,Se ingresó a /products/productsCRUD/add,Se ingresó a /products/crud,Se ingresó a /products/crud,Se ingresó a /,Se ingresó a /categories/crud,Se ingresó a /categories/detail/1,Se ingresó a /categories/detail/1,Se ingresó a /categories/detail/1,Se ingresó a /categories/detail/1,Se ingresó a /categories/detail/1,Se ingresó a /categories/detail/1,Se ingresó a /categories/detail/1,Se ingresó a /categories/crud,Se ingresó a /categories/detail/1,Se ingresó a /categories/detail/1,Se ingresó a /categories/detail/1,Se ingresó a /users/crud,Se ingresó a /categories/crud,Se ingresó a /categories/detail/1,Se ingresó a /categories/crud,Se ingresó a /categories/detail/2,Se ingresó a /img/web/,Se ingresó a /categories/crud,Se ingresó a /categories/detail/2,Se ingresó a /categories/crud,Se ingresó a /products/categoriasCRUD/add,Se ingresó a /users/crud,Se ingresó a /users/usersCRUD/add,Se ingresó a /products/crud,Se ingresó a /products/productsCRUD/add,Se ingresó a /categories/crud,Se ingresó a /products/categoriasCRUD/add,Se ingresó a /categories/detail/1,Se ingresó a /products/categoriasCRUD/add,Se ingresó a /products/categoriasCRUD/add,Se ingresó a /categories/crud,Se ingresó a /categories/categoriasCRUD/add,Se ingresó a /categories/categoriasCRUD/add,Se ingresó a /categories/categoriasCRUD/add,Se ingresó a /categories/crud,Se ingresó a /categories/categoriasCRUD/add,Se ingresó a /categories/categoriasCRUD/add,Se ingresó a /categories/categoriasCRUD/add,Se ingresó a /users/crud,Se ingresó a /users/crud,Se ingresó a /users/usersCRUD/add,Se ingresó a /products/crud,Se ingresó a /products/productsCRUD/add,Se ingresó a /categories/crud,Se ingresó a /categories/categoriasCRUD/add,Se ingresó a /categories/crud,Se ingresó a /categories/categoriasCRUD/add,Se ingresó a /categories/crud,Se ingresó a /categories/crud,Se ingresó a /categories/detail/4,Se ingresó a /categories/crud,Se ingresó a /products/edit/4,Se ingresó a /,Se ingresó a /categories/crud,Se ingresó a /categories/detail/3,Se ingresó a /products/productsCRUD/add,Se ingresó a /products/crud,Se ingresó a /products/crud,Se ingresó a /products/delete/1,Se ingresó a /products/crud,Se ingresó a /products/delete/2,Se ingresó a /products/crud,Se ingresó a /products/productsCRUD/add,Se ingresó a /products/crud,Se ingresó a /products/crud,Se ingresó a /products/productsCRUD/add,Se ingresó a /products/crud,Se ingresó a /products/crud,Se ingresó a /products/productsCRUD/add,Se ingresó a /products/crud,Se ingresó a /products/crud,Se ingresó a /products/productsCRUD/add,Se ingresó a /products/crud,Se ingresó a /products/crud,Se ingresó a /products/crud,Se ingresó a /products/detail/3,Se ingresó a /products/productsCRUD/add,Se ingresó a /products/crud,Se ingresó a /products/crud,Se ingresó a /products/productsCRUD/add,Se ingresó a /products/crud,Se ingresó a /products/crud,Se ingresó a /products/productsCRUD/add,Se ingresó a /products/crud,Se ingresó a /products/crud,Se ingresó a /products/productsCRUD/add,Se ingresó a /products/crud,Se ingresó a /products/crud,Se ingresó a /products/productsCRUD/add,Se ingresó a /products/crud,Se ingresó a /products/crud,Se ingresó a /products/productsCRUD/add,Se ingresó a /products/productsCRUD/add,Se ingresó a /products/crud,Se ingresó a /products/crud,Se ingresó a /products/productsCRUD/add,Se ingresó a /products/crud,Se ingresó a /products/crud,Se ingresó a /products/productsCRUD/add,Se ingresó a /products/crud,Se ingresó a /products/crud,Se ingresó a /products/productsCRUD/add,Se ingresó a /products/crud,Se ingresó a /products/crud,Se ingresó a /products/productsCRUD/add,Se ingresó a /products/crud,Se ingresó a /products/crud,Se ingresó a /products/productsCRUD/add,Se ingresó a /products/crud,Se ingresó a /products/crud,Se ingresó a /products/edit/17,Se ingresó a /,Se ingresó a /products/crud,Se ingresó a /products/delete/17,Se ingresó a /products/crud,Se ingresó a /products/productsCRUD/add,Se ingresó a /products/crud,Se ingresó a /products/crud,Se ingresó a /products/productsCRUD/add,Se ingresó a /products/crud,Se ingresó a /products/crud,Se ingresó a /products/productsCRUD/add,Se ingresó a /products/crud,Se ingresó a /products/crud,Se ingresó a /products/productsCRUD/add,Se ingresó a /products/crud,Se ingresó a /products/crud,Se ingresó a /products/productsCRUD/add,Se ingresó a /products/crud,Se ingresó a /products/crud,Se ingresó a /products/productsCRUD/add,Se ingresó a /products/crud,Se ingresó a /products/crud,Se ingresó a /products/productsCRUD/add,Se ingresó a /products/crud,Se ingresó a /products/crud,Se ingresó a /products/productsCRUD/add,Se ingresó a /products/crud,Se ingresó a /products/crud,Se ingresó a /products/productsCRUD/add,Se ingresó a /products/crud,Se ingresó a /products/crud,Se ingresó a /products/productsCRUD/add,Se ingresó a /products/crud,Se ingresó a /products/crud,Se ingresó a /products/productsCRUD/add,Se ingresó a /products/crud,Se ingresó a /products/crud,Se ingresó a /products/productsCRUD/add,Se ingresó a /products/crud,Se ingresó a /products/crud,Se ingresó a /products/productsCRUD/add,Se ingresó a /products/crud,Se ingresó a /products/crud,Se ingresó a /products/productsCRUD/add,Se ingresó a /products/crud,Se ingresó a /products/crud,Se ingresó a /products/productsCRUD/add,Se ingresó a /products/crud,Se ingresó a /products/crud,Se ingresó a /products/productsCRUD/add,Se ingresó a /products/crud,Se ingresó a /products/crud,Se ingresó a /products/productsCRUD/add,Se ingresó a /products/crud,Se ingresó a /products/crud,Se ingresó a /products/productsCRUD/add,Se ingresó a /products/crud,Se ingresó a /products/crud,Se ingresó a /products/productsCRUD/add,Se ingresó a /products/crud,Se ingresó a /products/crud,Se ingresó a /products/productsCRUD/add,Se ingresó a /products/crud,Se ingresó a /products/crud,Se ingresó a /products/crud,Se ingresó a /products/crud,Se ingresó a /products/crud,Se ingresó a /products/productsCRUD/add,Se ingresó a /products/crud,Se ingresó a /products/crud,Se ingresó a /products/productsCRUD/add,Se ingresó a /products/crud,Se ingresó a /products/crud,Se ingresó a /products/productsCRUD/add,Se ingresó a /products/crud,Se ingresó a /products/crud,Se ingresó a /products/productsCRUD/add,Se ingresó a /products/crud,Se ingresó a /products/crud,Se ingresó a /products/productsCRUD/add,Se ingresó a /products/crud,Se ingresó a /products/crud,Se ingresó a /products/productsCRUD/add,Se ingresó a /products/crud,Se ingresó a /products/crud,Se ingresó a /products/productsCRUD/add,Se ingresó a /products/crud,Se ingresó a /products/crud,Se ingresó a /products/productsCRUD/add,Se ingresó a /products/crud,Se ingresó a /products/crud,Se ingresó a /products/productsCRUD/add,Se ingresó a /products/crud,Se ingresó a /products/crud,Se ingresó a /products/productsCRUD/add,Se ingresó a /products/crud,Se ingresó a /products/crud,Se ingresó a /products/productsCRUD/add,Se ingresó a /products/crud,Se ingresó a /products/crud,Se ingresó a /products/crud,Se ingresó a /products/crud,Se ingresó a /products/crud,Se ingresó a /products/productsCRUD/add,Se ingresó a /products/crud,Se ingresó a /products/crud,Se ingresó a /products/delete/51,Se ingresó a /products/crud,Se ingresó a /products/productsCRUD/add,Se ingresó a /products/crud,Se ingresó a /products/crud,Se ingresó a /products/delete/51,Se ingresó a /products/crud,Se ingresó a /products/productsCRUD/add,Se ingresó a /categories/crud,Se ingresó a /categories/categoriasCRUD/add,Se ingresó a /categories/crud,Se ingresó a /categories/crud,Se ingresó a /products/delete/4,Se ingresó a /products/crud,Se ingresó a /products/productsCRUD/add,Se ingresó a /products/crud,Se ingresó a /products/crud,Se ingresó a /products/productsCRUD/add,Se ingresó a /products/crud,Se ingresó a /products/crud,Se ingresó a /products/delete/51,Se ingresó a /products/crud,Se ingresó a /products/delete/52,Se ingresó a /products/crud,Se ingresó a /,Se ingresó a /category/iSkates,Se ingresó a /productDetail,Se ingresó a /category/iSkates,Se ingresó a /category/iSkates,Se ingresó a /category/iSkates,Se ingresó a /category/qSkates,Se ingresó a /,Se ingresó a /category/1,Se ingresó a /category/1,Se ingresó a /category/1,Se ingresó a /category/1,Se ingresó a /category/1,Se ingresó a /category/1,Se ingresó a /category/2,Se ingresó a /category/3,Se ingresó a /category/2,Se ingresó a /category/1,Se ingresó a /category/1,Se ingresó a /category/3,Se ingresó a /category/3,Se ingresó a /category/2,Se ingresó a /category/1,Se ingresó a /category/1,Se ingresó a /category/2,Se ingresó a /category/1,Se ingresó a /category/2,Se ingresó a /category/3,Se ingresó a /category/1,Se ingresó a /category/2,Se ingresó a /category/1,Se ingresó a /category/2,Se ingresó a /category/1,Se ingresó a /category/1,Se ingresó a /category/1,Se ingresó a /category/2,Se ingresó a /category/1,Se ingresó a /category/1,Se ingresó a /category/2,Se ingresó a /category/2,Se ingresó a /category/2,Se ingresó a /category/2,Se ingresó a /category/2,Se ingresó a /category/3,Se ingresó a /category/3,Se ingresó a /category/2,Se ingresó a /category/1,Se ingresó a /category/3,Se ingresó a /category/3,Se ingresó a /category/3,Se ingresó a /category/2,Se ingresó a /category/1,Se ingresó a /category/1,Se ingresó a /products/crud,Se ingresó a /category/1,Se ingresó a /,Se ingresó a /category/1,Se ingresó a /,Se ingresó a /category/2,Se ingresó a /category/2,Se ingresó a /category/1,Se ingresó a /category/3,Se ingresó a /category/1,Se ingresó a /category/1,Se ingresó a /category/1,Se ingresó a /category/1,Se ingresó a /,Se ingresó a /category/1,Se ingresó a /,Se ingresó a /category/1,Se ingresó a /category/2,Se ingresó a /,Se ingresó a /category/2,Se ingresó a /category/3,Se ingresó a /,Se ingresó a /category/3,Se ingresó a /productDetail,Se ingresó a /category/1,Se ingresó a /category/1,Se ingresó a /productDetail,Se ingresó a /category/1,Se ingresó a /products/:1/:21,Se ingresó a /category/1,Se ingresó a /products/1/21,Se ingresó a /category/1,Se ingresó a /products/1/21,Se ingresó a /products/1/21,Se ingresó a /products/1/21,Se ingresó a /products/1/21,Se ingresó a /category/2,Se ingresó a /products/2/40,Se ingresó a /category/3,Se ingresó a /products/3/3,Se ingresó a /category/3,Se ingresó a /products/3/6,Se ingresó a /category/1,Se ingresó a /products/1/30,Se ingresó a /products/1/30,Se ingresó a /products/2/38,Se ingresó a /public/img/prod_img/iSkates/fitness/PS_One_Wave/PS_940607_PS_One_Wave_Skate_Adult_men_2017_view0_sm.jpg,Se ingresó a /public/img/prod_img/iSkates/fitness/PS_One_Wave/PS_940607_PS_One_Wave_Skate_Adult_men_2017_view1_sm.jpg,Se ingresó a /public/img/prod_img/iSkates/fitness/PS_One_Wave/PS_940607_PS_One_Wave_Skate_Adult_men_2017_view2_sm.jpg,Se ingresó a /public/img/prod_img/iSkates/fitness/PS_One_Wave/PS_940607_PS_One_Wave_Skate_Adult_men_2017_view3_sm.jpg,Se ingresó a /products/2/38,Se ingresó a /products/2/38,Se ingresó a /products/2/38,Se ingresó a /public/img/prod_img/iSkates/fitness/PS_One_Wave/PS_940607_PS_One_Wave_Skate_Adult_men_2017_view0_sm.jpg,Se ingresó a /public/img/prod_img/iSkates/fitness/PS_One_Wave/PS_940607_PS_One_Wave_Skate_Adult_men_2017_view1_sm.jpg,Se ingresó a /public/img/prod_img/iSkates/fitness/PS_One_Wave/PS_940607_PS_One_Wave_Skate_Adult_men_2017_view2_sm.jpg,Se ingresó a /public/img/prod_img/iSkates/fitness/PS_One_Wave/PS_940607_PS_One_Wave_Skate_Adult_men_2017_view3_sm.jpg,Se ingresó a /products/2/38,Se ingresó a /products/2/38,Se ingresó a /products/2/38,Se ingresó a /products/2/38,Se ingresó a /products/2/38,Se ingresó a /products/2/38,Se ingresó a /products/2/38,Se ingresó a /products/2/38,Se ingresó a /products/2/38,Se ingresó a /products/2/38,Se ingresó a /products/2/38,Se ingresó a /products/2/38,Se ingresó a /products/2/38,Se ingresó a /products/2/38,Se ingresó a /products/2/38,Se ingresó a /products/2/38,Se ingresó a /products/2/38,Se ingresó a /products/2/38,Se ingresó a /products/2/38,Se ingresó a /products/2/39,Se ingresó a /img/prod_img/iSkates/fitness/PS_One_Wave/PS_940607_PS_One_Wave_Skate_Adult_men_2017_view0_sm.jpg,Se ingresó a /img/prod_img/iSkates/fitness/PS_One_Wave/PS_940607_PS_One_Wave_Skate_Adult_men_2017_view1_sm.jpg,Se ingresó a /img/prod_img/iSkates/fitness/PS_One_Wave/PS_940607_PS_One_Wave_Skate_Adult_men_2017_view2_sm.jpg,Se ingresó a /img/prod_img/iSkates/fitness/PS_One_Wave/PS_940607_PS_One_Wave_Skate_Adult_men_2017_view3_sm.jpg,Se ingresó a /products/2/39,Se ingresó a /img/prod_img/iSkates/fitness/PS_One_Wave/PS_940607_PS_One_Wave_Skate_Adult_men_2017_view0_sm.jpg,Se ingresó a /img/prod_img/iSkates/fitness/PS_One_Wave/PS_940607_PS_One_Wave_Skate_Adult_men_2017_view1_sm.jpg,Se ingresó a /img/prod_img/iSkates/fitness/PS_One_Wave/PS_940607_PS_One_Wave_Skate_Adult_men_2017_view2_sm.jpg,Se ingresó a /img/prod_img/iSkates/fitness/PS_One_Wave/PS_940607_PS_One_Wave_Skate_Adult_men_2017_view3_sm.jpg,Se ingresó a /category/2,Se ingresó a /products/2/39,Se ingresó a /,Se ingresó a /category/2,Se ingresó a /products/2/38,Se ingresó a /img/prod_img/.jpg,Se ingresó a /category/3,Se ingresó a /products/3/3,Se ingresó a /products/3/3,Se ingresó a /products/3/3,Se ingresó a /category/3,Se ingresó a /products/3/13,Se ingresó a /img/prod_img/accesories/qAcc/qFrame_810517_Chaya_Ophira_DCM_2_20degree_2015_view0_xxl,qFrame_810517_Chaya_Ophira_DCM_2_20degree_2015_view1_xxl.jpg,Se ingresó a /category/3,Se ingresó a /products/3/3,Se ingresó a /products/3/8,Se ingresó a /category/3,Se ingresó a /products/3/14,Se ingresó a /img/prod_img/accesories/qAcc/qFrame_810537_Chaya_Zena_Plate_view1_xxl,qFrame_810537_Chaya_Zena_Plate_view2_xxl.jpg,Se ingresó a /products/3/14,Se ingresó a /img/prod_img/accesories/qAcc/qFrame_810537_Chaya_Zena_Plate_view1_xxl,accesories/qAcc/qFrame_810537_Chaya_Zena_Plate_view2_xxl.jpg,Se ingresó a /category/3,Se ingresó a /products/3/20,Se ingresó a /category/3,Se ingresó a /products/3/13,Se ingresó a /img/prod_img/accesories/qAcc/qFrame_810517_Chaya_Ophira_DCM_2_20degree_2015_view0_xxl,accesories/qAcc/qFrame_810517_Chaya_Ophira_DCM_2_20degree_2015_view1_xxl.jpg,Se ingresó a /category/2,Se ingresó a /category/3,Se ingresó a /products/3/13,Se ingresó a /img/prod_img/accesories/qAcc/qFrame_810517_Chaya_Ophira_DCM_2_20degree_2015_view0_xxl,accesories/qAcc/qFrame_810517_Chaya_Ophira_DCM_2_20degree_2015_view1_xxl.jpg,Se ingresó a /products/3/13,Se ingresó a /img/prod_img/.jpg,Se ingresó a /products/3/13,Se ingresó a /products/3/13,Se ingresó a /img/prod_img/accesories/qAcc/qFrame_810517_Chaya_Ophira_DCM_2_20degree_2015_view0_xxl,accesories/qAcc/qFrame_810517_Chaya_Ophira_DCM_2_20degree_2015_view1_xxl.jpg,Se ingresó a /products/3/13,Se ingresó a /img/prod_img/accesories/iAcc/iWheel_908317_PS_Off-Road_accessories_CST_Air_tire_150mm_2019_view1_xxl,accesories/iAcc/iWheel_908317_PS_Off-Road_accessories_CST_Air_tire_150mm_2019_view1_xxl.jpg,Se ingresó a /category/3,Se ingresó a /products/3/3,Se ingresó a /category/3,Se ingresó a /products/3/12,Se ingresó a /category/3,Se ingresó a /category/3,Se ingresó a /products/3/9,Se ingresó a /products/3/13,Se ingresó a /img/prod_img/accesories/qAcc/qFrame_810517_Chaya_Ophira_DCM_2_20degree_2015_view0_xxl,accesories/qAcc/qFrame_810517_Chaya_Ophira_DCM_2_20degree_2015_view1_xxl.jpg,Se ingresó a /products/3/13,Se ingresó a /products/3/13,Se ingresó a /img/prod_img/.jpg,Se ingresó a /category/3,Se ingresó a /products/3/9,Se ingresó a /category/3,Se ingresó a /products/3/11,Se ingresó a /category/3,Se ingresó a /products/3/13,Se ingresó a /img/prod_img/accesories/qAcc/qFrame_810517_Chaya_Ophira_DCM_2_20degree_2015_view0_xxl,accesories/qAcc/qFrame_810517_Chaya_Ophira_DCM_2_20degree_2015_view1_xxl.jpg,Se ingresó a /products/3/13,Se ingresó a /products/3/13,Se ingresó a /img/prod_img/accesories/qAcc/qFrame_810517_Chaya_Ophira_DCM_2_20degree_2015_view0_xxl,accesories/qAcc/qFrame_810517_Chaya_Ophira_DCM_2_20degree_2015_view1_xxl.jpg,Se ingresó a /category/3,Se ingresó a /products/3/6,Se ingresó a /category/3,Se ingresó a /products/3/13,Se ingresó a /img/prod_img/accesories/qAcc/qFrame_810517_Chaya_Ophira_DCM_2_20degree_2015_view0_xxl,accesories/qAcc/qFrame_810517_Chaya_Ophira_DCM_2_20degree_2015_view1_xxl.jpg,Se ingresó a /products/3/13,Se ingresó a /category/3,Se ingresó a /products/3/3,Se ingresó a /category/3,Se ingresó a /products/3/13,Se ingresó a /products/3/13,Se ingresó a /products/3/13,Se ingresó a /products/3/13,Se ingresó a /category/3,Se ingresó a /products/3/3,Se ingresó a /category/3,Se ingresó a /products/3/13,Se ingresó a /products/3/13,Se ingresó a /products/3/13,Se ingresó a /,Se ingresó a /,Se ingresó a /,Se ingresó a /,Se ingresó a /,Se ingresó a /category/3,Se ingresó a /products/3/10,Se ingresó a /products/3/13,Se ingresó a /products/3/13,Se ingresó a /products/3/13,Se ingresó a /products/3/10,Se ingresó a /products/3/13,Se ingresó a /products/3/13,Se ingresó a /products/3/13,Se ingresó a /products/3/13,Se ingresó a /products/3/13,Se ingresó a /category/3,Se ingresó a /products/3/3,Se ingresó a /products/3/13,Se ingresó a /,Se ingresó a /products/3/13,Se ingresó a /products/3/13,Se ingresó a /products/3/13,Se ingresó a /products/3/13,Se ingresó a /products/3/13,Se ingresó a /category/3,Se ingresó a /products/3/3,Se ingresó a /products/3/13,Se ingresó a /category/3,Se ingresó a /products/3/14,Se ingresó a /,Se ingresó a /category/2,Se ingresó a /products/2/39,Se ingresó a /,Se ingresó a /category/1,Se ingresó a /products/1/21,Se ingresó a /category/1,Se ingresó a /category/1,Se ingresó a /category/1,Se ingresó a /products/1/36,Se ingresó a /category/1,Se ingresó a /products/1/24,Se ingresó a /img/prod_img/iSkates/fitness/PS_HC_Evo_Pro/PS_908277_PS_Urban_HC_EVO_Pro_2019_view1_xxl.jpg,Se ingresó a /img/prod_img/iSkates/fitness/PS_HC_Evo_Pro/PS_908277_PS_Urban_HC_EVO_Pro_2019_view2_xxl.jpg,Se ingresó a /img/prod_img/iSkates/fitness/PS_HC_Evo_Pro/PS_908277_PS_Urban_HC_EVO_Pro_2019_view3_xxl.jpg,Se ingresó a /products/1/24,Se ingresó a /category/2,Se ingresó a /products/2/46,Se ingresó a /category/2,Se ingresó a /products/2/41,Se ingresó a /img/prod_img/qSkates/PS_Chaya_Ruby/PS_810558_Chaya_Rollerskate_Ruby_white_2017_view0_xxl.jpg,Se ingresó a /img/prod_img/qSkates/PS_Chaya_Ruby/PS_810558_Chaya_Rollerskate_Ruby_white_2017_view1_xxl.jpg,Se ingresó a /img/prod_img/qSkates/PS_Chaya_Ruby/PS_810558_Chaya_Rollerskate_Ruby_white_2017_view2_xxl.jpg,Se ingresó a /products/2/41,Se ingresó a /img/prod_img/qSkates/lifestyle/PS_Chaya_Ruby/PS_810558_Chaya_Rollerskate_Ruby_white_2017_view0_xxl.jpg,Se ingresó a /img/prod_img/qSkates/lifestyle/PS_Chaya_Ruby/PS_810558_Chaya_Rollerskate_Ruby_white_2017_view1_xxl.jpg,Se ingresó a /img/prod_img/qSkates/lifestyle/PS_Chaya_Ruby/PS_810558_Chaya_Rollerskate_Ruby_white_2017_view2_xxl.jpg,Se ingresó a /products/2/41,Se ingresó a /img/prod_img/qSkates/lifestyle/PS_Chaya_Ruby/PS_810558_Chaya_Rollerskate_Ruby_white_2017_view0_xxl.jpg,Se ingresó a /img/prod_img/qSkates/lifestyle/PS_Chaya_Ruby/PS_810558_Chaya_Rollerskate_Ruby_white_2017_view1_xxl.jpg,Se ingresó a /img/prod_img/qSkates/lifestyle/PS_Chaya_Ruby/PS_810558_Chaya_Rollerskate_Ruby_white_2017_view2_xxl.jpg,Se ingresó a /products/2/41,Se ingresó a /,Se ingresó a /favicon.ico,Se ingresó a /category/2,Se ingresó a /category/2,Se ingresó a /category/3,Se ingresó a /category/3,Se ingresó a /category/3,Se ingresó a /,Se ingresó a /category/1,Se ingresó a /img/prod_img/iSkates/fitness/PS_Imperial_Evo/PS_908130_PS_Urban_Imperial_EVO_chrome_2016_view0_xxl.jpg,Se ingresó a /img/prod_img/iSkates/fitness/PS_Imperial_Mega/PS_908129_FSK_Imperial_Megacruiser_125_pink_2017_view0_xxl.jpg,Se ingresó a /img/prod_img/iSkates/fitness/PS_Metro/PS_908073_PS_FSK_Metropolis_2015_view0_xxl.jpg,Se ingresó a /img/prod_img/iSkates/offroad/PS_Nordic_XC/PS_908144_PS_Nordic_XC_Trail_II_2015_view0_xxl.jpg,Se ingresó a /img/prod_img/iSkates/fitness/PS_940607_PS_One_Wave_Skate_Adult_men_2017_view0_xxl.jpg,Se ingresó a /products/1/25,Se ingresó a /img/prod_img/iSkates/fitness/PS_Imperial_Evo/PS_908130_PS_Urban_Imperial_EVO_chrome_2016_view0_xxl.jpg,Se ingresó a /img/prod_img/iSkates/fitness/PS_Imperial_Evo/PS_908130_PS_Urban_Imperial_EVO_chrome_2016_view1_xxl.jpg,Se ingresó a /img/prod_img/iSkates/fitness/PS_Imperial_Evo/PS_908130_PS_Urban_Imperial_EVO_chrome_2016_view2_xxl.jpg,Se ingresó a /img/prod_img/iSkates/fitness/PS_Imperial_Evo/PS_908130_PS_Urban_Imperial_EVO_chrome_2016_view3_xxl.jpg,Se ingresó a /category/1,Se ingresó a /img/prod_img/iSkates/fitness/PS_Imperial_Evo/PS_908130_PS_Urban_Imperial_EVO_chrome_2016_view0_xxl.jpg,Se ingresó a /img/prod_img/iSkates/fitness/PS_Imperial_Mega/PS_908129_FSK_Imperial_Megacruiser_125_pink_2017_view0_xxl.jpg,Se ingresó a /img/prod_img/iSkates/fitness/PS_Metro/PS_908073_PS_FSK_Metropolis_2015_view0_xxl.jpg,Se ingresó a /img/prod_img/iSkates/offroad/PS_Nordic_XC/PS_908144_PS_Nordic_XC_Trail_II_2015_view0_xxl.jpg,Se ingresó a /img/prod_img/iSkates/fitness/PS_940607_PS_One_Wave_Skate_Adult_men_2017_view0_xxl.jpg,Se ingresó a /category/1,Se ingresó a /img/prod_img/iSkates/fitness/PS_Imperial_Evo/PS_908130_PS_Urban_Imperial_EVO_chrome_2016_view0_xxl.jpg,Se ingresó a /img/prod_img/iSkates/fitness/PS_Imperial_Mega/PS_908129_FSK_Imperial_Megacruiser_125_pink_2017_view0_xxl.jpg,Se ingresó a /img/prod_img/iSkates/fitness/PS_Metro/PS_908073_PS_FSK_Metropolis_2015_view0_xxl.jpg,Se ingresó a /img/prod_img/iSkates/offroad/PS_Nordic_XC/PS_908144_PS_Nordic_XC_Trail_II_2015_view0_xxl.jpg,Se ingresó a /img/prod_img/iSkates/fitness/PS_940607_PS_One_Wave_Skate_Adult_men_2017_view0_xxl.jpg,Se ingresó a /category/1,Se ingresó a /img/prod_img/iSkates/fitness/PS_Imperial_Evo/PS_908130_PS_Urban_Imperial_EVO_chrome_2016_view0_xxl.jpg,Se ingresó a /img/prod_img/iSkates/fitness/PS_Imperial_Mega/PS_908129_FSK_Imperial_Megacruiser_125_pink_2017_view0_xxl.jpg,Se ingresó a /img/prod_img/iSkates/fitness/PS_Metro/PS_908073_PS_FSK_Metropolis_2015_view0_xxl.jpg,Se ingresó a /img/prod_img/iSkates/offroad/PS_Nordic_XC/PS_908144_PS_Nordic_XC_Trail_II_2015_view0_xxl.jpg,Se ingresó a /img/prod_img/iSkates/fitness/PS_940607_PS_One_Wave_Skate_Adult_men_2017_view0_xxl.jpg,Se ingresó a /category/1,Se ingresó a /img/prod_img/iSkates/fitness/PS_Imperial_Evo/PS_908130_PS_Urban_Imperial_EVO_chrome_2016_view0_xxl.jpg,Se ingresó a /img/prod_img/iSkates/fitness/PS_Imperial_Mega/PS_908129_FSK_Imperial_Megacruiser_125_pink_2017_view0_xxl.jpg,Se ingresó a /img/prod_img/iSkates/fitness/PS_Metro/PS_908073_PS_FSK_Metropolis_2015_view0_xxl.jpg,Se ingresó a /img/prod_img/iSkates/offroad/PS_Nordic_XC/PS_908144_PS_Nordic_XC_Trail_II_2015_view0_xxl.jpg,Se ingresó a /img/prod_img/iSkates/fitness/PS_940607_PS_One_Wave_Skate_Adult_men_2017_view0_xxl.jpg,Se ingresó a /category/1,Se ingresó a /img/prod_img/iSkates/fitness/PS_Imperial_Mega/PS_908129_FSK_Imperial_Megacruiser_125_pink_2017_view0_xxl.jpg,Se ingresó a /img/prod_img/iSkates/fitness/PS_Metro/PS_908073_PS_FSK_Metropolis_2015_view0_xxl.jpg,Se ingresó a /img/prod_img/iSkates/offroad/PS_Nordic_XC/PS_908144_PS_Nordic_XC_Trail_II_2015_view0_xxl.jpg,Se ingresó a /img/prod_img/iSkates/fitness/PS_940607_PS_One_Wave_Skate_Adult_men_2017_view0_xxl.jpg,Se ingresó a /category/1,Se ingresó a /img/prod_img/iSkates/offroad/PS_Nordic_XC/PS_908144_PS_Nordic_XC_Trail_II_2015_view0_xxl.jpg,Se ingresó a /img/prod_img/iSkates/fitness/PS_940607_PS_One_Wave_Skate_Adult_men_2017_view0_xxl.jpg,Se ingresó a /products/1/29,Se ingresó a /img/prod_img/iSkates/offroad/PS_Nordic_XC/PS_908144_PS_Nordic_XC_Trail_II_2015_view0_xxl.jpg,Se ingresó a /products/1/29,Se ingresó a /img/prod_img/iSkates/offroad/PS_Nordic_XC/PS_908144_PS_Nordic_XC_Trail_II_2015_view0_xxl.jpg,Se ingresó a /products/1/29,Se ingresó a /products/1/30,Se ingresó a /img/prod_img/iSkates/fitness/PS_940607_PS_One_Wave_Skate_Adult_men_2017_view1_xxl.jpg,Se ingresó a /img/prod_img/iSkates/fitness/PS_940607_PS_One_Wave_Skate_Adult_men_2017_view2_xxl.jpg,Se ingresó a /img/prod_img/iSkates/fitness/PS_940607_PS_One_Wave_Skate_Adult_men_2017_view0_xxl.jpg,Se ingresó a /img/prod_img/iSkates/fitness/PS_940607_PS_One_Wave_Skate_Adult_men_2017_view3_xxl.jpg,Se ingresó a /products/1/30,Se ingresó a /category/1,Se ingresó a /category/1,Se ingresó a /category/2,Se ingresó a /img/prod_img/qSkates/lifestyle/PS_Glide_Kids/PS_810598_Glide_Unicorn_Kids_2018_view0_xxl.jpg,Se ingresó a /products/2/44,Se ingresó a /img/prod_img/qSkates/lifestyle/PS_Glide_Kids/PS_810598_Glide_Unicorn_Kids_2018_view0_xxl.jpg,Se ingresó a /category/2,Se ingresó a /products/2/44,Se ingresó a /category/2,Se ingresó a /category/3,Se ingresó a /products/3/14,Se ingresó a /products/3/13,Se ingresó a /category/2,Se ingresó a /category/3,Se ingresó a /
>>>>>>> 5952414549a7898b69254f00a915fdd918fb9bc3
,Se ingresó a /products/crud,Se ingresó a /products/crud,Se ingresó a /products/edit/3,Se ingresó a /products/edit/5,Se ingresó a /users/crud,Se ingresó a /products/crud,Se ingresó a /products/detail/3,Se ingresó a /products/crud,Se ingresó a /products/edit/3,Se ingresó a /users/crud,Se ingresó a /users/delete/17,Se ingresó a /users/crud,Se ingresó a /users/crud,Se ingresó a /users/crud,Se ingresó a /users/detail/17,Se ingresó a /img/users/,Se ingresó a /users/crud,Se ingresó a /users/edit/17,Se ingresó a /img/users/,Se ingresó a /users/edit/17?_method=put,Se ingresó a /users/crud,Se ingresó a /users/detail/17,Se ingresó a /users/crud,Se ingresó a /users/usersCRUD/add,Se ingresó a /users/crud,Se ingresó a /users/crud,Se ingresó a /users/detail/18,Se ingresó a /users/crud,Se ingresó a /users/edit/18,Se ingresó a /users/usersCRUD/add,Se ingresó a /users/crud,Se ingresó a /users/crud,Se ingresó a /users/usersCRUD/add,Se ingresó a /users/edit/16,Se ingresó a /users/edit/16,Se ingresó a /users/crud,Se ingresó a /users/edit/16,Se ingresó a /users/edit/16,Se ingresó a /users/edit/16,Se ingresó a /users/crud,Se ingresó a /users/edit/16,Se ingresó a /users/edit/16,Se ingresó a /users/edit/16,Se ingresó a /users/edit/12,Se ingresó a /users/crud,Se ingresó a /users/edit/12,Se ingresó a /users/edit/18,Se ingresó a /users/edit/19,Se ingresó a /img/users/,Se ingresó a /users/edit/14,Se ingresó a /users/crud,Se ingresó a /users/edit/14,Se ingresó a /users/edit/14,Se ingresó a /users/crud,Se ingresó a /users/edit/14,Se ingresó a /users/edit/14,Se ingresó a /users/crud,Se ingresó a /users/edit/14,Se ingresó a /users/edit/14,Se ingresó a /users/edit/14,Se ingresó a /users/usersCRUD/add,Se ingresó a /users/crud,Se ingresó a /users/edit/14,Se ingresó a /,Se ingresó a /users/crud,Se ingresó a /users/usersCRUD/add,Se ingresó a /users/crud,Se ingresó a /users/crud,Se ingresó a /users/detail/20,Se ingresó a /users/crud,Se ingresó a /users/edit/20,Se ingresó a /users/edit/20?_method=put,Se ingresó a /users/crud,Se ingresó a /users/detail/20,Se ingresó a /users/crud,Se ingresó a /products/crud,Se ingresó a /products/edit/3,Se ingresó a /products/detail/3,Se ingresó a /products/edit/3,Se ingresó a /products/edit/3,Se ingresó a /products/edit/3,Se ingresó a /products/edit/3,Se ingresó a /products/crud,Se ingresó a /,Se ingresó a /,Se ingresó a /products/crud,Se ingresó a /products/edit/3,Se ingresó a /products/edit/,Se ingresó a /products/edit/4,Se ingresó a /products/crud,Se ingresó a /products/crud,Se ingresó a /products/edit/3,Se ingresó a /products/edit/5,Se ingresó a /products/productsCRUD/add,Se ingresó a /products/crud,Se ingresó a /products/crud,Se ingresó a /products/detail/51,Se ingresó a /products/crud,Se ingresó a /products/edit/51,Se ingresó a /products/edit/51?_method=put,Se ingresó a /products/crud,Se ingresó a /products/crud,Se ingresó a /,Se ingresó a /products/crud,Se ingresó a /users/crud,Se ingresó a /products/crud,Se ingresó a /products/edit/3,Se ingresó a /products/2/3,Se ingresó a /,Se ingresó a /category/1,Se ingresó a /products/1/21,Se ingresó a /products/1/21,Se ingresó a /products/crud,Se ingresó a /products/crud,Se ingresó a /products/crud,Se ingresó a /products/crud,Se ingresó a /products/crud,Se ingresó a /products/crud,Se ingresó a /,Se ingresó a /category/3,Se ingresó a /products/3/3,Se ingresó a /products/crud,Se ingresó a /products/detail/3,Se ingresó a /products/detail/3,Se ingresó a /products/edit/3,Se ingresó a /products/edit/3,Se ingresó a /products/detail/3,Se ingresó a /products/crud,Se ingresó a /products/detail/3,Se ingresó a /products/edit/3,Se ingresó a /products/detail/3,Se ingresó a /products/detail,Se ingresó a /products/detail/1,Se ingresó a /products/detail/4,Se ingresó a /products/detail/3,Se ingresó a /products/detail/3,Se ingresó a /products/crud,Se ingresó a /products/crud,Se ingresó a /products/productsCRUDdetail/3,Se ingresó a /products/productsCRUDdetail/2,Se ingresó a /products/crud,Se ingresó a /products/productsCRUDdetail/3,Se ingresó a /products/productsCRUDdetail/3,Se ingresó a /products/productsCRUDdetail,Se ingresó a /products/productsCRUDdetail/3,Se ingresó a /products/productsCRUDdetail/2,Se ingresó a /products/productsCRUD/add,Se ingresó a /products/productsCRUD/add,Se ingresó a /products/productsCRUD/add,Se ingresó a /products/edit/3,Se ingresó a /products/productsCRUDdetail/3,Se ingresó a /products/productsCRUDdetail/7,Se ingresó a /products/productsCRUDdetail/3,Se ingresó a /products/productsCRUDdetail/3,Se ingresó a /products/crud,Se ingresó a /products/edit/5,Se ingresó a /products/productsCRUDdetail/5,Se ingresó a /,Se ingresó a /products/crud,Se ingresó a /products/edit/3,Se ingresó a /products/productsCRUDdetail/3,Se ingresó a /products/delete/6,Se ingresó a /products/crud,Se ingresó a /products/productsCRUDdetail/3,Se ingresó a /products/edit/3,Se ingresó a /category/1,Se ingresó a /category/2,Se ingresó a /category/1,Se ingresó a /category/2,Se ingresó a /category/1,Se ingresó a /category/3,Se ingresó a /products/3/3,Se ingresó a /products/crud,Se ingresó a /products/productsCRUDdetail/3,Se ingresó a /products/crud,Se ingresó a /products/productsCRUD/add,Se ingresó a /products/edit/3,Se ingresó a /products/productsCRUDdetail/3,Se ingresó a /products/productsCRUDdetail/3,Se ingresó a /products/productsCRUDdetail/3,Se ingresó a /category/3,Se ingresó a /products/3/6,Se ingresó a /products/crud,Se ingresó a /products/productsCRUDdetail/3,Se ingresó a /products/crud,Se ingresó a /products/productsCRUDdetail/3,Se ingresó a /category/3,Se ingresó a /products/3/6,Se ingresó a /category/1,Se ingresó a /category/3,Se ingresó a /products/crud,Se ingresó a /products/productsCRUDdetail/3,Se ingresó a /products/crud,Se ingresó a /products/productsCRUDdetail/5,Se ingresó a /products/crud,Se ingresó a /products/productsCRUDdetail/6,Se ingresó a /products/edit/3,Se ingresó a /products/productsCRUD/add,Se ingresó a /products/productsCRUD/add,Se ingresó a /products/crud,Se ingresó a /products/productsCRUD/add,Se ingresó a /products/productsCRUD/add,Se ingresó a /products/productsCRUD/add,Se ingresó a /products/productsCRUD/add,Se ingresó a /products/productsCRUD/add,Se ingresó a /products/productsCRUD/add,Se ingresó a /products/productsCRUD/add,Se ingresó a /,Se ingresó a /products/crud,Se ingresó a /products/productsCRUD/add,Se ingresó a /products/crud,Se ingresó a /products/crud,Se ingresó a /products/crud,Se ingresó a /products/crud,Se ingresó a /products/crud,Se ingresó a /products/productsCRUD/add,Se ingresó a /products/crud,Se ingresó a /products/crud,Se ingresó a /products/crud,Se ingresó a /products/crud,Se ingresó a /category/3,Se ingresó a /category/3,Se ingresó a /category/3,Se ingresó a /category/3,Se ingresó a /products/crud,Se ingresó a /products/productsCRUD/add,Se ingresó a /products/crud,Se ingresó a /products/crud,Se ingresó a /products/crud,Se ingresó a /category/3,Se ingresó a /products/delete/7,Se ingresó a /products/crud,Se ingresó a /products/delete/8,Se ingresó a /products/crud,Se ingresó a /products/productsCRUD/add,Se ingresó a /products/crud,Se ingresó a /products/crud,Se ingresó a /products/productsCRUDdetail/7,Se ingresó a /img/prod_img/[.jpg,Se ingresó a /products/crud,Se ingresó a /category/3,Se ingresó a /img/prod_img/[.jpg,Se ingresó a /category/3,Se ingresó a /products/crud,Se ingresó a /products/delete/7,Se ingresó a /products/crud,Se ingresó a /products/productsCRUD/add,Se ingresó a /products/crud,Se ingresó a /products/crud,Se ingresó a /products/productsCRUDdetail/7,Se ingresó a /category/3,Se ingresó a /products/crud,Se ingresó a /products/edit/7,Se ingresó a /,Se ingresó a /products/crud,Se ingresó a /products/productsCRUDedit/7,Se ingresó a /products/edit/7?_method=put,Se ingresó a /products/edit/7?_method=put,Se ingresó a /products/productsCRUDedit/7,Se ingresó a /products/productsCRUDedit/7?_method=put,Se ingresó a /products/crud,Se ingresó a /products/crud,Se ingresó a /products/crud,Se ingresó a /products/crud,Se ingresó a /products/crud,Se ingresó a /products/crud,Se ingresó a /products/productsCRUDedit/3,Se ingresó a /products/productsCRUDedit/3,Se ingresó a /products/productsCRUDedit/3,Se ingresó a /products/productsCRUDedit/3,Se ingresó a /products/productsCRUDedit/3,Se ingresó a /products/productsCRUDedit/3,Se ingresó a /products/productsCRUDedit/3,Se ingresó a /products/productsCRUDedit/3,Se ingresó a /products/productsCRUDedit/3,Se ingresó a /products/crud,Se ingresó a /products/productsCRUDedit/3,Se ingresó a /products/productsCRUDedit/3,Se ingresó a /products/productsCRUDedit/3,Se ingresó a /products/productsCRUDedit/3,Se ingresó a /category/3,Se ingresó a /products/3/3,Se ingresó a /products/crud,Se ingresó a /products/productsCRUDedit/3,Se ingresó a /products/crud,Se ingresó a /products/productsCRUD/add,Se ingresó a /products/crud,Se ingresó a /products/productsCRUDedit/3,Se ingresó a /products/productsCRUDedit/3,Se ingresó a /products/productsCRUDedit/3,Se ingresó a /products/productsCRUDedit/3,Se ingresó a /products/productsCRUDedit/3,Se ingresó a /products/productsCRUDedit/3,Se ingresó a /products/productsCRUDedit/3,Se ingresó a /products/productsCRUDedit/3?_method=put,Se ingresó a /products/productsCRUDedit/3?_method=put,Se ingresó a /products/crud,Se ingresó a /products/crud,Se ingresó a /products/crud,Se ingresó a /products/productsCRUDedit/3,Se ingresó a /products/productsCRUDedit/3?_method=put,Se ingresó a /products/crud,Se ingresó a /products/crud,Se ingresó a /products/crud,Se ingresó a /products/crud,Se ingresó a /products/productsCRUDedit/3,Se ingresó a /products/productsCRUDedit/3?_method=put,Se ingresó a /products/crud,Se ingresó a /products/crud,Se ingresó a /products/productsCRUDedit/3,Se ingresó a /products/crud,Se ingresó a /products/productsCRUDedit/3,Se ingresó a /products/crud,Se ingresó a /products/productsCRUDedit/6,Se ingresó a /products/productsCRUDedit/6?_method=put,Se ingresó a /products/crud,Se ingresó a /products/productsCRUD/add,Se ingresó a /products/crud,Se ingresó a /products/crud,Se ingresó a /products/productsCRUD/add,Se ingresó a /category/3,Se ingresó a /category/1,Se ingresó a /category/3,Se ingresó a /products/crud,Se ingresó a /products/productsCRUD/add,Se ingresó a /users/crud,Se ingresó a /users/detail/15,Se ingresó a /img/users/,Se ingresó a /products/crud,Se ingresó a /products/crud,Se ingresó a /products/productsCRUDedit/3,Se ingresó a /,Se ingresó a /cart,Se ingresó a /products/crud,Se ingresó a /products/productsCRUDdetail/3,Se ingresó a /products/crud,Se ingresó a /products/productsCRUD/add,Se ingresó a /products/crud,Se ingresó a /products/productsCRUD/add,Se ingresó a /products/productsCRUD/add,Se ingresó a /products/crud,Se ingresó a /category/3,Se ingresó a /products/3/3,Se ingresó a /products/crud,Se ingresó a /products/crud,Se ingresó a /products/productsCRUDdetail/3,Se ingresó a /products/crud,Se ingresó a /products/productsCRUDedit/7,Se ingresó a /products/productsCRUDedit/7,Se ingresó a /products/productsCRUDedit/7,Se ingresó a /products/productsCRUDedit/7,Se ingresó a /products/crud,Se ingresó a /products/productsCRUDedit/7,Se ingresó a /products/productsCRUDedit/7,Se ingresó a /products/crud,Se ingresó a /products/crud,Se ingresó a /products/crud,Se ingresó a /products/crud,Se ingresó a /products/crud,Se ingresó a /products/crud,Se ingresó a /products/crud,Se ingresó a /products/crud,Se ingresó a /products/crud,Se ingresó a /products/crud,Se ingresó a /products/crud,Se ingresó a /products/crud,Se ingresó a /products/crud,Se ingresó a /,Se ingresó a /products/crud,Se ingresó a /,Se ingresó a /products/crud,Se ingresó a /products/crud,Se ingresó a /products/crud,Se ingresó a /products/productsCRUD/add,Se ingresó a /products/productsCRUD/add,Se ingresó a /products/productsCRUD/add,Se ingresó a /products/crud,Se ingresó a /products/productsCRUDedit/3,Se ingresó a /products/productsCRUDedit/3?_method=put,Se ingresó a /products/crud,Se ingresó a /products/productsCRUDedit/6,Se ingresó a /products/productsCRUDedit/6?_method=put,Se ingresó a /products/crud,Se ingresó a /products/crud,Se ingresó a /products/productsCRUDedit/6,Se ingresó a /products/crud,Se ingresó a /products/productsCRUDdetail/6,Se ingresó a /products/productsCRUDedit/6,Se ingresó a /products/productsCRUDedit/6,Se ingresó a /products/crud,Se ingresó a /products/productsCRUDedit/6,Se ingresó a /products/crud,Se ingresó a /products/crud,Se ingresó a /,Se ingresó a /products/crud,Se ingresó a /,Se ingresó a /products/crud,Se ingresó a /products/productsCRUD/add,Se ingresó a /products/crud,Se ingresó a /products/productsCRUD/add,Se ingresó a /products/crud,Se ingresó a /products/crud,Se ingresó a /products/crud,Se ingresó a /products/crud,Se ingresó a /,Se ingresó a /products/crud,Se ingresó a /products/crud,Se ingresó a /products/crud,Se ingresó a /products/crud,Se ingresó a /products/crud,Se ingresó a /products/crud,Se ingresó a /products/crud,Se ingresó a /products/productsCRUD/add,Se ingresó a /products/crud,Se ingresó a /products/crud,Se ingresó a /products/crud,Se ingresó a /products/productsCRUD/add,Se ingresó a /products/crud,Se ingresó a /products/crud,Se ingresó a /products/crud,Se ingresó a /products/crud,Se ingresó a /products/crud,Se ingresó a /products/productsCRUD/add,Se ingresó a /products/crud,Se ingresó a /products/crud,Se ingresó a /products/crud,Se ingresó a /products/productsCRUDedit/6,Se ingresó a /products/productsCRUDdetail/6,Se ingresó a /products/productsCRUDedit/6,Se ingresó a /products/productsCRUDedit/6?_method=put,Se ingresó a /products/crud,Se ingresó a /products/crud,Se ingresó a /products/productsCRUDedit/6,Se ingresó a /products/crud,Se ingresó a /products/crud,Se ingresó a /products/productsCRUDedit/6,Se ingresó a /products/productsCRUDedit/6,Se ingresó a /products/crud,Se ingresó a /products/productsCRUDedit/12,Se ingresó a /products/productsCRUDedit/12,Se ingresó a /products/crud,Se ingresó a /products/productsCRUDedit/12,Se ingresó a /products/productsCRUDedit/12,Se ingresó a /products/crud,Se ingresó a /products/productsCRUDedit/12,Se ingresó a /products/productsCRUDedit/12,Se ingresó a /products/productsCRUDedit/12,Se ingresó a /products/productsCRUDedit/12,Se ingresó a /products/productsCRUDedit/12,Se ingresó a /products/productsCRUDedit/12,Se ingresó a /products/crud,Se ingresó a /products/productsCRUDedit/12,Se ingresó a /products/productsCRUDedit/12,Se ingresó a /products/productsCRUDedit/12,Se ingresó a /products/productsCRUDedit/12,Se ingresó a /products/crud,Se ingresó a /products/productsCRUDedit/12,Se ingresó a /products/productsCRUDedit/12,Se ingresó a /products/productsCRUDedit/12,Se ingresó a /,Se ingresó a /products/crud,Se ingresó a /products/productsCRUDedit/12,Se ingresó a /products/productsCRUDedit/12,Se ingresó a /products/productsCRUDedit/12,Se ingresó a /products/productsCRUDedit/12,Se ingresó a /products/productsCRUDedit/12,Se ingresó a /products/productsCRUDedit/12,Se ingresó a /products/crud,Se ingresó a /products/productsCRUDedit/10,Se ingresó a /products/productsCRUDedit/10,Se ingresó a /products/productsCRUDedit/10,Se ingresó a /products/crud,Se ingresó a /products/productsCRUDedit/11,Se ingresó a /products/crud,Se ingresó a /products/crud,Se ingresó a /products/productsCRUD/add,Se ingresó a /products/crud,Se ingresó a /products/crud,Se ingresó a /products/crud,Se ingresó a /products/productsCRUD/add,Se ingresó a /products/crud,Se ingresó a /products/crud,Se ingresó a /products/crud,Se ingresó a /,Se ingresó a /products/crud,Se ingresó a /products/crud,Se ingresó a /products/crud,Se ingresó a /,Se ingresó a /products/crud,Se ingresó a /products/crud,Se ingresó a /products/crud,Se ingresó a /,Se ingresó a /products/crud,Se ingresó a /products/crud,Se ingresó a /products/crud,Se ingresó a /products/crud,Se ingresó a /,Se ingresó a /users/crud,Se ingresó a /products/crud,Se ingresó a /products/crud,Se ingresó a /products/crud,Se ingresó a /products/crud,Se ingresó a /products/crud,Se ingresó a /products/crud,Se ingresó a /products/crud,Se ingresó a /products/crud,Se ingresó a /products/crud,Se ingresó a /products/crud,Se ingresó a /users/crud,Se ingresó a /,Se ingresó a /products/crud,Se ingresó a /products/productsCRUDedit/10,Se ingresó a /,Se ingresó a /products/crud,Se ingresó a /products/crud,Se ingresó a /products/crud,Se ingresó a /products/crud,Se ingresó a /products/crud,Se ingresó a /products/crud,Se ingresó a /products/crud,Se ingresó a /,Se ingresó a /products/crud,Se ingresó a /products/crud,Se ingresó a /,Se ingresó a /products/crud,Se ingresó a /products/crud,Se ingresó a /products/crud,Se ingresó a /products/crud,Se ingresó a /products/crud,Se ingresó a /products/crud,Se ingresó a /products/crud,Se ingresó a /products/crud,Se ingresó a /products/crud,Se ingresó a /products/crud,Se ingresó a /products/crud,Se ingresó a /products/crud,Se ingresó a /products/crud,Se ingresó a /products/crud,Se ingresó a /products/crud,Se ingresó a /products/crud,Se ingresó a /products/crud,Se ingresó a /products/crud,Se ingresó a /products/crud,Se ingresó a /products/crud,Se ingresó a /products/productsCRUD/add,Se ingresó a /products/productsCRUD/add,Se ingresó a /products/productsCRUD/add,Se ingresó a /products/productsCRUD/add,Se ingresó a /products/crud,Se ingresó a /products/crud,Se ingresó a /products/crud,Se ingresó a /products/crud,Se ingresó a /,Se ingresó a /products/crud,Se ingresó a /products/delete/13,Se ingresó a /products/crud,Se ingresó a /products/productsCRUD/add,Se ingresó a /products/crud,Se ingresó a /products/crud,Se ingresó a /products/productsCRUD/add,Se ingresó a /products/crud,Se ingresó a /products/crud,Se ingresó a /products/productsCRUDdetail/14,Se ingresó a /products/crud,Se ingresó a /products/productsCRUDedit/14,Se ingresó a /products/productsCRUDedit/14,Se ingresó a /products/productsCRUDedit/14,Se ingresó a /products/productsCRUDedit/10,Se ingresó a /products/productsCRUDedit/10,Se ingresó a /products/crud,Se ingresó a /products/productsCRUDedit/14,Se ingresó a /products/productsCRUDedit/14,Se ingresó a /products/productsCRUDedit/13,Se ingresó a /products/productsCRUDedit/13,Se ingresó a /products/productsCRUDedit/13,Se ingresó a /products/productsCRUDedit/13,Se ingresó a /products/productsCRUDedit/13,Se ingresó a /products/crud,Se ingresó a /products/productsCRUDdetail/14,Se ingresó a /products/productsCRUDedit/14,Se ingresó a /products/productsCRUDedit/14?_method=put,Se ingresó a /products/crud,Se ingresó a /products/productsCRUDedit/14,Se ingresó a /products/productsCRUDedit/14?_method=put,Se ingresó a /products/crud,Se ingresó a /products/crud,Se ingresó a /products/productsCRUDedit/14,Se ingresó a /products/productsCRUDedit/14?_method=put,Se ingresó a /products/crud,Se ingresó a /products/productsCRUDedit/14,Se ingresó a /products/productsCRUDedit/14?_method=put,Se ingresó a /products/crud,Se ingresó a /products/crud,Se ingresó a /products/productsCRUDedit/14,Se ingresó a /products/productsCRUDedit/14?_method=put,Se ingresó a /products/crud,Se ingresó a /products/productsCRUDedit/14,Se ingresó a /products/productsCRUDedit/14?_method=put,Se ingresó a /products/crud,Se ingresó a /products/productsCRUDedit/13,Se ingresó a /products/productsCRUDedit/13?_method=put,Se ingresó a /products/crud,Se ingresó a /products/productsCRUDedit/14,Se ingresó a /products/productsCRUDedit/14,Se ingresó a /products/crud,Se ingresó a /products/productsCRUD/add,Se ingresó a /products/crud,Se ingresó a /products/productsCRUDedit/14,Se ingresó a /products/productsCRUDedit/14,Se ingresó a /products/crud,Se ingresó a /products/productsCRUDedit/14,Se ingresó a /products/productsCRUDedit/14?_method=put,Se ingresó a /products/crud,Se ingresó a /products/productsCRUDedit/14,Se ingresó a /products/productsCRUDedit/14?_method=put,Se ingresó a /products/crud,Se ingresó a /products/productsCRUD/add,Se ingresó a /products/crud,Se ingresó a /products/crud,Se ingresó a /products/productsCRUDedit/15,Se ingresó a /products/productsCRUDedit/15?_method=put,Se ingresó a /products/crud,Se ingresó a /products/productsCRUDedit/15,Se ingresó a /products/crud,Se ingresó a /products/productsCRUDedit/15,Se ingresó a /products/productsCRUDedit/15?_method=put,Se ingresó a /products/crud,Se ingresó a /products/productsCRUDedit/15,Se ingresó a /products/productsCRUDedit/15,Se ingresó a /products/crud,Se ingresó a /products/productsCRUDdetail/15,Se ingresó a /products/crud,Se ingresó a /products/productsCRUDedit/15,Se ingresó a /products/productsCRUDedit/15,Se ingresó a /products/productsCRUDedit/15?_method=put,Se ingresó a /products/crud,Se ingresó a /products/productsCRUDedit/15,Se ingresó a /products/productsCRUDedit/15?_method=put,Se ingresó a /products/crud,Se ingresó a /products/productsCRUDedit/15,Se ingresó a /products/productsCRUDedit/15?_method=put,Se ingresó a /products/crud,Se ingresó a /products/productsCRUDedit/15,Se ingresó a /products/productsCRUDedit/15?_method=put,Se ingresó a /products/crud,Se ingresó a /products/productsCRUDedit/15,Se ingresó a /products/productsCRUDedit/15,Se ingresó a /products/crud,Se ingresó a /products/productsCRUDdetail/15,Se ingresó a /products/crud,Se ingresó a /products/productsCRUDedit/15,Se ingresó a /products/productsCRUDedit/15?_method=put,Se ingresó a /products/crud,Se ingresó a /products/productsCRUDdetail/15,Se ingresó a /products/crud,Se ingresó a /products/productsCRUDedit/15,Se ingresó a /products/crud,Se ingresó a /products/productsCRUDedit/11,Se ingresó a /products/productsCRUDedit/11?_method=put,Se ingresó a /products/crud,Se ingresó a /products/productsCRUDedit/11,Se ingresó a /products/crud,Se ingresó a /products/productsCRUD/add,Se ingresó a /products/crud,Se ingresó a /products/crud,Se ingresó a /products/productsCRUDdetail/16,Se ingresó a /products/crud,Se ingresó a /products/productsCRUDedit/16,Se ingresó a /products/productsCRUDedit/16?_method=put,Se ingresó a /products/crud,Se ingresó a /products/productsCRUDdetail/16,Se ingresó a /products/crud,Se ingresó a /products/productsCRUDedit/16,Se ingresó a /products/productsCRUDedit/16?_method=put,Se ingresó a /products/crud,Se ingresó a /products/productsCRUDdetail/16,Se ingresó a /products/crud,Se ingresó a /products/crud,Se ingresó a /products/productsCRUDdetail/16,Se ingresó a /users/crud,Se ingresó a /users/edit/15,Se ingresó a /img/users/,Se ingresó a /users/edit/15?_method=put,Se ingresó a /users/crud,Se ingresó a /users/edit/15,Se ingresó a /users/edit/15,Se ingresó a /users/edit/15,Se ingresó a /users/edit/15?_method=put,Se ingresó a /users/crud,Se ingresó a /users/edit/15,Se ingresó a /products/crud,Se ingresó a /products/productsCRUDedit/16,Se ingresó a /products/productsCRUDedit/16,Se ingresó a /products/productsCRUDedit/16?_method=put,Se ingresó a /products/crud,Se ingresó a /products/productsCRUDedit/16,Se ingresó a /products/crud,Se ingresó a /products/delete/16,Se ingresó a /products/crud,Se ingresó a /products/delete/15,Se ingresó a /products/crud,Se ingresó a /categories/crud,Se ingresó a /categories/crud,Se ingresó a /categories/crud,Se ingresó a /categories/categoriasCRUD/add,Se ingresó a /categories/crud,Se ingresó a /categories/crud,Se ingresó a /products/delete/,Se ingresó a /,Se ingresó a /categories/crud,Se ingresó a /categories/crud,Se ingresó a /categories/categoriasCRUD/add,Se ingresó a /categories/crud,Se ingresó a /categories/crud,Se ingresó a /categories/crud,Se ingresó a /categories/categoriasCRUD/add,Se ingresó a /categories/crud,Se ingresó a /categories/crud,Se ingresó a /categories/detail/4,Se ingresó a /categories/detail/4,Se ingresó a /categories/detail/4,Se ingresó a /categories/detail/4,Se ingresó a /img/web/,Se ingresó a /categories/crud,Se ingresó a /products/edit/4,Se ingresó a /products/crud,Se ingresó a /products/productsCRUDedit/14,Se ingresó a /products/crud,Se ingresó a /products/productsCRUDedit/14,Se ingresó a /products/crud,Se ingresó a /products/productsCRUDdetail/14,Se ingresó a /products/crud,Se ingresó a /products/productsCRUDdetail/14,Se ingresó a /products/productsCRUDdetail/14,Se ingresó a /products/productsCRUDdetail/14,Se ingresó a /products/productsCRUDdetail/14,Se ingresó a /products/productsCRUDdetail/14,Se ingresó a /products/productsCRUDdetail/14,Se ingresó a /products/productsCRUDdetail/14,Se ingresó a /products/productsCRUDdetail/14,Se ingresó a /products/productsCRUDdetail/14,Se ingresó a /products/productsCRUDdetail/14,Se ingresó a /products/productsCRUDdetail/14,Se ingresó a /products/productsCRUDdetail/14,Se ingresó a /products/productsCRUDdetail/14,Se ingresó a /products/productsCRUDdetail/14,Se ingresó a /products/productsCRUDdetail/14,Se ingresó a /products/productsCRUDdetail/14,Se ingresó a /products/productsCRUDdetail/14,Se ingresó a /products/crud,Se ingresó a /categories/crud,Se ingresó a /products/edit/4,Se ingresó a /products/edit/1,Se ingresó a /categories/crud,Se ingresó a /categories/edit/1,Se ingresó a /categories/detail/1,Se ingresó a /categories/edit/1,Se ingresó a /categories/edit/1,Se ingresó a /categories/edit/1,Se ingresó a /categories/crud,Se ingresó a /categories/edit/1,Se ingresó a /categories/edit/1,Se ingresó a /categories/edit/1,Se ingresó a /categories/edit/1,Se ingresó a /categories/edit/1,Se ingresó a /categories/edit/1,Se ingresó a /categories/edit/1,Se ingresó a /img/prod_img/temp-iskate-cat-200x200.jpg,Se ingresó a /categories/crud,Se ingresó a /categories/detail/1,Se ingresó a /categories/crud,Se ingresó a /categories/edit/1,Se ingresó a /img/prod_img/temp-iskate-cat-200x200.jpg,Se ingresó a /categories/edit/1,Se ingresó a /img/prod_img/temp-iskate-cat-200x200.jpg,Se ingresó a /categories/edit/1,Se ingresó a /img/prod_img/temp-iskate-cat-200x200.jpg,Se ingresó a /categories/edit/1,Se ingresó a /img/prod_img/temp-iskate-cat-200x200.jpg,Se ingresó a /categories/edit/1,Se ingresó a /img/prod_img/temp-iskate-cat-200x200.jpg,Se ingresó a /categories/edit/1,Se ingresó a /img/prod_img/temp-iskate-cat-200x200.jpg,Se ingresó a /categories/edit/1,Se ingresó a /img/prod_img/temp-iskate-cat-200x200.jpg,Se ingresó a /categories/edit/1,Se ingresó a /products/crud,Se ingresó a /categories/crud,Se ingresó a /categories/categoriasCRUD/add,Se ingresó a /categories/crud,Se ingresó a /categories/crud,Se ingresó a /categories/detail/4,Se ingresó a /categories/crud,Se ingresó a /categories/edit/4,Se ingresó a /products/productsCRUDedit/?_method=put,Se ingresó a /products/productsCRUDedit/?_method=put,Se ingresó a /products/productsCRUDedit/?_method=put,Se ingresó a /categories/edit/4,Se ingresó a /categories/edit/?_method=put,Se ingresó a /categories/edit/?_method=put,Se ingresó a /categories/edit/?_method=put,Se ingresó a /categories/crud,Se ingresó a /categories/edit/4,Se ingresó a /categories/edit/?_method=put,Se ingresó a /categories/edit/?_method=put,Se ingresó a /,Se ingresó a /categories/crud,Se ingresó a /categories/edit/4,Se ingresó a /categories/edit/4?_method=put,Se ingresó a /categories/crud,Se ingresó a /categories/detail/4,Se ingresó a /img/web/,Se ingresó a /categories/crud,Se ingresó a /categories/edit/4,Se ingresó a /img/web/,Se ingresó a /categories/edit/4?_method=put,Se ingresó a /categories/crud,Se ingresó a /categories/edit/4,Se ingresó a /img/web/,Se ingresó a /categories/edit/4?_method=put,Se ingresó a /categories/crud,Se ingresó a /categories/edit/4,Se ingresó a /img/web/,Se ingresó a /categories/edit/4?_method=put,Se ingresó a /categories/crud,Se ingresó a /products/delete/4,Se ingresó a /products/crud,Se ingresó a /categories/crud,Se ingresó a /categories/categoriasCRUD/add,Se ingresó a /categories/crud,Se ingresó a /categories/crud,Se ingresó a /categories/edit/5,Se ingresó a /img/web/,Se ingresó a /categories/edit/5?_method=put,Se ingresó a /categories/crud,Se ingresó a /categories/edit/5,Se ingresó a /img/web/,Se ingresó a /categories/edit/5?_method=put,Se ingresó a /categories/crud,Se ingresó a /categories/edit/5,Se ingresó a /img/web/,Se ingresó a /categories/edit/5?_method=put,Se ingresó a /categories/crud,Se ingresó a /categories/crud,Se ingresó a /categories/edit/5,Se ingresó a /img/web/,Se ingresó a /categories/edit/5?_method=put,Se ingresó a /categories/crud,Se ingresó a /categories/edit/5,Se ingresó a /img/web/,Se ingresó a /categories/edit/5?_method=put,Se ingresó a /categories/crud,Se ingresó a /categories/edit/5,Se ingresó a /img/web/,Se ingresó a /categories/edit/5?_method=put,Se ingresó a /categories/crud,Se ingresó a /categories/crud,Se ingresó a /categories/crud,Se ingresó a /categories/edit/5,Se ingresó a /img/web/,Se ingresó a /categories/edit/5?_method=put,Se ingresó a /categories/crud,Se ingresó a /categories/edit/5,Se ingresó a /img/web/,Se ingresó a /categories/edit/5?_method=put,Se ingresó a /categories/crud,Se ingresó a /categories/edit/5,Se ingresó a /img/web/,Se ingresó a /categories/edit/5?_method=put,Se ingresó a /categories/crud,Se ingresó a /categories/edit/5,Se ingresó a /img/web/,Se ingresó a /categories/edit/5?_method=put,Se ingresó a /categories/crud,Se ingresó a /categories/crud,Se ingresó a /categories/edit/5,Se ingresó a /img/web/,Se ingresó a /categories/edit/5?_method=put,Se ingresó a /categories/crud,Se ingresó a /category/1,Se ingresó a /category/3,Se ingresó a /categories/edit/5,Se ingresó a /img/web/,Se ingresó a /categories/edit/5?_method=put,Se ingresó a /categories/crud,Se ingresó a /categories/detail/5,Se ingresó a /img/web/,Se ingresó a /categories/crud,Se ingresó a /categories/edit/5,Se ingresó a /img/web/,Se ingresó a /products/crud,Se ingresó a /categories/crud,Se ingresó a /categories/categoriasCRUD/add,Se ingresó a /categories/crud,Se ingresó a /categories/crud,Se ingresó a /categories/detail/6,Se ingresó a /categories/crud,Se ingresó a /categories/edit/6,Se ingresó a /categories/edit/6?_method=put,Se ingresó a /categories/crud,Se ingresó a /categories/detail/6,Se ingresó a /img/web/,Se ingresó a /categories/crud,Se ingresó a /categories/edit/6,Se ingresó a /img/web/,Se ingresó a /categories/edit/6?_method=put,Se ingresó a /categories/crud,Se ingresó a /categories/detail/6,Se ingresó a /img/web/,Se ingresó a /categories/crud,Se ingresó a /categories/edit/6,Se ingresó a /img/web/,Se ingresó a /categories/edit/6?_method=put,Se ingresó a /categories/crud,Se ingresó a /categories/detail/6,Se ingresó a /img/web/,Se ingresó a /categories/crud,Se ingresó a /categories/edit/6,Se ingresó a /img/web/,Se ingresó a /categories/edit/6?_method=put,Se ingresó a /categories/crud,Se ingresó a /categories/detail/6,Se ingresó a /img/web/,Se ingresó a /categories/crud,Se ingresó a /categories/edit/6,Se ingresó a /img/web/,Se ingresó a /categories/edit/6?_method=put,Se ingresó a /categories/crud,Se ingresó a /categories/detail/6,Se ingresó a /img/web/,Se ingresó a /categories/crud,Se ingresó a /categories/edit/6,Se ingresó a /img/web/,Se ingresó a /categories/edit/6?_method=put,Se ingresó a /categories/crud,Se ingresó a /categories/crud,Se ingresó a /categories/categoriasCRUD/add,Se ingresó a /categories/crud,Se ingresó a /categories/crud,Se ingresó a /categories/detail/4,Se ingresó a /categories/crud,Se ingresó a /products/crud,Se ingresó a /products/productsCRUDedit/14,Se ingresó a /categories/crud,Se ingresó a /categories/edit/4,Se ingresó a /categories/edit/4?_method=put,Se ingresó a /categories/crud,Se ingresó a /categories/edit/4,Se ingresó a /img/web/,Se ingresó a /categories/edit/4?_method=put,Se ingresó a /categories/crud,Se ingresó a /categories/edit/4,Se ingresó a /img/web/,Se ingresó a /categories/edit/4?_method=put,Se ingresó a /categories/crud,Se ingresó a /categories/crud,Se ingresó a /categories/edit/4,Se ingresó a /img/web/,Se ingresó a /categories/edit/4?_method=put,Se ingresó a /categories/crud,Se ingresó a /categories/edit/4,Se ingresó a /img/web/,Se ingresó a /categories/edit/4?_method=put,Se ingresó a /categories/crud,Se ingresó a /categories/edit/4,Se ingresó a /img/web/,Se ingresó a /categories/edit/4?_method=put,Se ingresó a /categories/crud,Se ingresó a /categories/detail/4,Se ingresó a /categories/crud,Se ingresó a /products/delete/4,Se ingresó a /products/crud,Se ingresó a /products/crud,Se ingresó a /categories/crud,Se ingresó a /categories/crud,Se ingresó a /categories/delete/4,Se ingresó a /,Se ingresó a /favicon.ico,Se ingresó a /users/crud,Se ingresó a /users/crud,Se ingresó a /,Se ingresó a /,Se ingresó a /users/register,Se ingresó a /users/crud,Se ingresó a /users/usersCRUD/add,Se ingresó a /,Se ingresó a /users/crud,Se ingresó a /users/usersCRUD/add,Se ingresó a /users/register,Se ingresó a /users/crud,Se ingresó a /users/detail/23,Se ingresó a /users/crud,Se ingresó a /users/usersCRUD/add,Se ingresó a /users/register,Se ingresó a /users/crud,Se ingresó a /users/usersCRUD/add,Se ingresó a /users/crud,Se ingresó a /users/delete/24,Se ingresó a /users/crud,Se ingresó a /users/delete/23,Se ingresó a /users/crud,Se ingresó a /users/delete/22,Se ingresó a /users/crud,Se ingresó a /users/delete/21,Se ingresó a /users/crud,Se ingresó a /users/delete/18,Se ingresó a /users/crud,Se ingresó a /users/delete/15,Se ingresó a /users/crud,Se ingresó a /users/delete/14,Se ingresó a /users/crud,Se ingresó a /users/delete/13,Se ingresó a /users/crud,Se ingresó a /users/delete/12,Se ingresó a /users/crud,Se ingresó a /users/usersCRUD/add,Se ingresó a /users/register,Se ingresó a /users/crud,Se ingresó a /users/usersCRUD/add,Se ingresó a /users/register,Se ingresó a /users/register,Se ingresó a /users/crud,Se ingresó a /users/usersCRUD/add,Se ingresó a /products/crud,Se ingresó a /products/productsCRUD/add,Se ingresó a /users/crud,Se ingresó a /users/usersCRUD/add,Se ingresó a /users/register,Se ingresó a /users/usersCRUD/add,Se ingresó a /users/usersCRUD/add,Se ingresó a /users/register,Se ingresó a /users/register,Se ingresó a /,Se ingresó a /users/crud,Se ingresó a /users/usersCRUD/add,Se ingresó a /users/register,Se ingresó a /users/register,Se ingresó a /users/register,Se ingresó a /,Se ingresó a /users/crud,Se ingresó a /users/usersCRUD/add,Se ingresó a /users/register,Se ingresó a /users/register,Se ingresó a /users/register,Se ingresó a /users/register,Se ingresó a /users/register,Se ingresó a /users/register,Se ingresó a /users/register,Se ingresó a /users/crud,Se ingresó a /users/usersCRUD/add,Se ingresó a /users/register,Se ingresó a /users/register,Se ingresó a /users/register,Se ingresó a /,Se ingresó a /users/crud,Se ingresó a /users/usersCRUD/add,Se ingresó a /users/register,Se ingresó a /users/register,Se ingresó a /users/crud,Se ingresó a /users/usersCRUD/add,Se ingresó a /users/register,Se ingresó a /users/register,Se ingresó a /users/register,Se ingresó a /users/register,Se ingresó a /users/crud,Se ingresó a /users/usersCRUD/add,Se ingresó a /users/register
>>>>>>> 97db40df5565d46860a1242c83faf51616529cf4
